entityId;entityType;location;deviceId;location;tenant;
52e0a125-01f6-4300-ac97-37bd911c2b28;WasteContainer;62.390715,17.306868;a2c1821b-03b0-42cf-bcf2-3f9c0a38d227;0.0,0.0;default;
c91149a8-256b-4d65-8ca8-fc00074485c8;WasteContainer;62.390715,17.306868;ebc1747e-c20e-426d-b1d3-24a01ac85428;;default;
d74a9652-afe6-46ea-8bf1-f4e11d5e02c6;WasteContainer;62.390715,17.306868;;;default;